"7090 Cabela Drive NW Huntsville, AL 35806"
"5000 Bass Pro Blvd Leeds, AL 35094"
"2553 Rocky Mount Rd Prattville, AL 36066"
"20000 Bass Pro Dr Spanish Fort, AL 36527"
"155 W 104th Avenue Anchorage, AK 99515"
"3046 Mountain View Dr Anchorage, AK 99501"
"9380 W Glendale Ave Glendale, AZ 85305"
"1133 North Dobson Mesa, AZ 85201"
"1 Bass Pro Dr Little Rock, AR 72210"
"2300 S Promenade Blvd Rogers, AR 72758"
"1356 Bass Pro Dr Manteca, CA 95337"
"7777 Victoria Gardens Lane Rancho Cucamonga, CA 91739"
"5472 Crossings Dr Rocklin, CA 95677"
"5160 Cherry Ave San Jose, CA 95118"
"13012 Bass Pro Dr Colorado Springs, CO 80921"
"7970 Northfield Blvd Denver, CO 80238"
"2424 US Hwy 6 Grand Junction, CO 81505"
"10670 Cabela Dr Lone Tree, CO 80124"
"14050 Lincoln Street Thornton, CO 80023"
"1 Bass Pro Dr Bridgeport, CT 06608"
"475 E Hartford Blvd East Hartford, CT 06118"
"1100 Christiana Mall Newark, DE 19702"
"200 Gulf Stream Way Dania Beach, FL 33004"
"1880 W Checkered Flag Blvd Daytona Beach, FL 32114"
"4301 Legendary Dr Destin, FL 32541"
"10040 Gulf Center Dr Ft. Myers, FL 33913"
"2650 Bass Pro Shops Blvd Gainesville, FL 32608"
"81576 Overseas Highway Islamorada, FL 33036"
"11551 Northwest 12th St Miami, FL 33172"
"5156 International Dr Orlando, FL 32819"
"750 Bass Pro Dr NE Palm Bay, FL 32905"
"2250 Gatlin Blvd Port St. Lucie, FL 34953"
"4059 Lagniappe Way Tallahassee, FL 32317"
"10501 Palm River Rd Tampa, FL 33619"
"152 Northpoint Parkway Acworth, GA 30102"
"833 Cabela Drive Augusta, GA 30909"
"5900 Sugarloaf Pkwy Lawrenceville, GA 30043"
"5000 Bass Pro Blvd Macon, GA 31210"
"14045 Abercorn St Savannah, GA 31419"
"3693 South 25th East Ammon, ID 83406"
"8109 West Franklin Road Boise, ID 83709"
"101 N Cabela Way Post Falls, ID 83854"
"709 Janes Ave Bolingbrook, IL 60440"
"1000 Bass Pro Shops Dr East Peoria, IL 61611"
"6112 West Grand Ave Gurnee, IL 60031"
"5225 Prairie Stone Pkwy Hoffman Estates, IL 60192"
"951 E Lewis & Clark Pkwy Clarksville, IN 47129"
"7700 Cabela Dr Hammond, IN 46324"
"13725 Cabela Parkway Noblesville, IN 46060"
"6425 Daniel Burnham Dr Portage, IN 46368"
"1000 Bass Pro Dr NW Altoona, IA 50009"
"2901 Bass Pro Dr Council Bluffs, IA 51501"
"10300 Cabela Drive Kansas City, KS 66111"
"12051 Bass Pro Dr Olathe, KS 66061"
"2427 N Greenwich Rd Wichita, KS 67226"
"3395 Nell O'Bryan Court Bowling Green, KY 42103"
"1510 Conservation Way Lexington, KY 40509"
"5100 Norton Healthcare Blvd Louisville, KY 40241"
"100 Bass Pro Dr Bossier City, LA 71111"
"175 Bass Pro Blvd Denham Springs, LA 70726"
"2200 W Cabela's Parkway Gonzales, LA 70737"
"100 Cabela's Blvd Scarborough, ME 04074"
"7000 Arundel Mills Circle Hanover, MD 21076"
"1 Bass Pro Dr Foxborough, MA 02035"
"44 Highland Common Hudson, MA 01749"
"4500 Baldwin Rd Auburn Hills, MI 48326"
"45959 Towne Center Blvd. Chesterfield, MI 48047"
"110 Cabela Blvd East Dundee, MI 48131"
"3000 44th Street Southwest Grandville, MI 49418"
"5202 Bay Road Saginaw, MI 48604"
"210 Demers Ave NW East Grand Forks, MN 56721"
"3900 Cabela Drive Owatonna, MN 55060"
"20200 Rogers Drive Rogers, MN 55374"
"8400 Hudson Road Woodbury, MN 55125"
"100 Bass Pro Dr Pearl, MS 39208"
"1 Bass Pro Dr Branson, MO 65616"
"3101 Bass Pro Dr Columbia, MO 65202"
"5555 St Louis Mills Boulevard Hazelwood, MO 63042"
"18001 Bass Pro Dr Independence, MO 64055"
"1935 S Campbell Ave Springfield, MO 65807"
"2011 S Campbell Avenue Springfield, MO 65807"
"1365 South 5th St St. Charles, MO 63301"
"4550 King Avenue East Billings, MT 59101"
"125 Treeline Road Kalispell, MT 59901"
"3650 Brooks Street Missoula, MT 59801"
"3600 US 30 Kearney, NE 68847"
"12703 Westport Parkway La Vista, NE 68138"
"115 Cabela Drive Sidney, NE 69162"
"8200 Dean Martin Dr Las Vegas, NV 89139"
"8650 Boomtown Garson Road Verdi, NV 89439"
"2 Commerce Dr Hooksett, NH 03106"
"30 N Christopher Columbus Blvd Atlantic City, NJ 08401"
"5151 Lang Ave NE Albuquerque, NM 87109"
"1579 Clark St Rd Auburn, NY 13021"
"2003 Walden Ave Cheektowaga, NY 14225"
"710 Horatio St Utica, NY 13502"
"801 Bass Pro Lane Cary, NC 27513"
"8181 Concord Mills Blvd Concord, NC 28027"
"201 Cabela Drive Garner, NC 27529"
"35685 Chester Road Avon, OH 44011"
"5500 Cornerstone North Blvd Centerville, OH 45440"
"300 Cincinnati Mills Dr Cincinnati, OH 45240"
"1650 Gemini Pl Columbus, OH 43240"
"10000 Bass Pro Blvd Rossford, OH 43460"
"7250 Cabela Drive West Chester, OH 45069"
"101 Bass Pro Dr Broken Arrow, OK 74012"
"1200 W Memorial Rd Oklahoma City, OK 73114"
"200 Bass Pro Dr Oklahoma City, OK 73104"
"2800 Gateway Street Springfield, OR 97477"
"7555 Southwest Nyberg Street Tualatin, OR 97062"
"100 Cabela Drive Hamburg, PA 19526"
"3501 Paxton St Harrisburg, PA 17111"
"1000 Cabelas Drive Fort Mill, SC 29708"
"1025 Woodruff Road Greenville, SC 29607"
"10177 North Kings Hwy Myrtle Beach, SC 29572"
"601 Cabela Drive Mitchell, SD 57301"
"3231 E Mall Dr Rapid City, SD 57701"
"1 Bass Pro Dr Bristol, TN 37620"
"1000 Bass Pro Dr Chattanooga, TN 37412"
"3629 Outdoor Sportsmans Place Kodak, TN 37764"
"1 Bass Pro Dr Memphis, TN 38105"
"6140 Macon Rd Memphis, TN 38134"
"323 Opry Mills Dr Nashville, TN 37214"
"1 Cabela Drive Allen, TX 75002"
"15570 South Interstate 35 Frontage Road Buda, TX 78610"
"6450-10 Desert Blvd. North El Paso, TX 79912"
"12901 Cabelas Drive Fort Worth, TX 76177"
"5001 Bass Pro Dr Garland, TX 75043"
"2501 Bass Pro Dr Grapevine, TX 76051"
"101 Bass Pro Dr Harlingen, TX 78552"
"5000 Katy Mills Circle Katy, TX 77494"
"2421 Gulf Fwy S League City, TX 77573"
"3030 W Loop 289 Lubbock, TX 79407"
"1000 Bass Pro Dr Pearland, TX 77047"
"200 Bass Pro Dr Round Rock, TX 78665"
"17907 IH-10 West San Antonio, TX 78257"
"2700 Marketplace Drive Waco, TX 76711"
"391 N Cabela Dr Farmington, UT 84025"
"2502 West Cabela's Boulevard Lehi, UT 84043"
"11550 Lakeridge Parkway Ashland, VA 23005"
"5291 Wellington Branch Dr. Gainesville, VA 20155"
"1972 Power Plant Parkway Hampton, VA 23666"
"5000 Cabela Drive Henrico, VA 23233"
"1600 Gateway Boulevard Northeast Lacey, WA 98516"
"7905 S Hosmer St Tacoma, WA 98408"
"9810 Quil Ceda Boulevard Tulalip, WA 98271"
"1400 E Washington Ave Union Gap, WA 98903"
"200 Cross Terrace Blvd Charleston, WV 25309"
"1 Cabela Drive Triadelphia, WV 26059"
"1499 Lombardi Avenue Ashwaubenon, WI 54304"
"33901 St Hwy 35 Prairie du Chien, WI 53821"
"1 Cabela Way Richfield, WI 53076"
"1350 Cabela Drive Sun Prairie, WI 53590"
