"301 E. 36th Ave, Anchorage, AK 99503"
"370 The Bridge Street, Huntsville, AL 35806"
"17314 I-30, Benton, AR 72015"
"201 Skyline Drive, Conway, AR 72032"
"18 Colonel Glenn Plaza Dr., Little Rock, AR 72210"
"1051 N. Dobson Rd., Mesa, AZ 85201"
"12155 North Oracle Road, Oro Valley, AZ 85737"
"2175 El Mercado Loop, Sierra Vista, AZ 85635"
"770 N. Kolb Road, Tucson, AZ 85710"
"3601 E. Broadway, Tucson, AZ 85716"
"1300 E Tucson Marketplace Tucson, AZ 85713"
"5870 E. Broadway Blvd., Tucson, AZ 85711"
"18935 Bear Valley Road, Apple Valley, CA 92308"
"20700 Avalon Blvd., Carson, CA 90746"
"801 East Ave, Chico, CA 95926"
"5546 Philadelphia St., Chino, CA 91710"
"1901 Junipero Serra Blvd., Daly City, CA 94015"
"4175 Blackhawk Plaza Circle, Danville, CA 94506"
"8840 Apollo Way, Downey, CA 90242"
"3651 South Dogwood Road, El Centro, CA 92243"
"9349 Big Horn Blvd., Elk Grove, CA 95758"
"261 Iron Point Road, Folsom, CA 95630"
"43917 Pacific Commons Blvd, Fremont, CA 94538"
"1669 W. Lacey, Hanford, CA 93230"
"256 Southland Mall Drive, Hayward, CA 94545"
"1069 B Street, Hayward, CA 94541"
"7777 Edinger Ave., Huntington Beach, CA 92647"
"46800 Washington Street, La Quinta, CA 92253"
"500 Larkspur Landing Cir., Larkspur, CA 94939"
"99 South Pine Avenue, Long Beach, CA 90802"
"6081 Center Drive, Los Angeles, CA 90045"
"4020 Marlton Ave., Los Angeles, CA 90008"
"100 Tenth Street, Marina, CA 93933"
"25 Throckmorton Avenue, Mill Valley, CA 94941"
"1010 Great Mall Drive, Milpitas, CA 95035"
"1700 Del Monte Center, Monterey, CA 93940"
"1500 N. Shoreline Blvd., Mountain View, CA 94043"
"195 Gasser Dr., Napa, CA 94559"
"12827 Victory Blvd., North Hollywood, CA 91606"
"44 Rowland Way, Novato, CA 94945"
"1701 W. Katella Ave., Orange, CA 92867"
"2766 Seaglass Way, Oxnard, CA 93036"
"1475 W. Avenue P, Palmdale, CA 93551"
"3000 El Camino Real, Palo Alto, CA 94306"
"12746 W. Jefferson Blvd., Playa Vista, CA 90094"
"125 Crescent Drive, Pleasant Hill, CA 94523"
"71800 Highway 111, Rancho Mirage, CA 92270"
"980 Old Alturas Rd., Redding, CA 96003"
"825 Middlefield Rd., Redwood City, CA 94063"
"1355 W Renaissance Parkway, Rialto, CA 92376"
"3200 Klose Way, Richmond, CA 94806"
"6692 Lonetree Blvd., Rocklin, CA 95765"
"1555 Eureka Road, Roseville, CA 95661"
"1590 Ethan Way, Sacramento, CA 95826"
"1015 4th Street, Sacramento, CA 95814"
"6233 Garfield Ave., Sacramento, CA 95841"
"350 Northridge Mall, Salinas, CA 93906"
"1188 El Camino Real, San Bruno, CA 94066"
"845 Market Street, San Francisco, CA 94103"
"925 Blossom Hill Rd., San Jose, CA 95123"
"3088 Olsen Drive, San Jose, CA 95128"
"15555 East 14th Street, San Leandro, CA 94578"
"320 East 2nd Ave., San Mateo, CA 94401"
"280 Smith Ranch Road, San Rafael, CA 94903"
"7000 Northgate Drive, San Rafael, CA 94903"
"3300 N. Naglee Rd., Tracy, CA 95376"
"32100 Union Landing, Union City, CA 94587"
"109 Plaza Drive, Vallejo, CA 94591"
"555 E. Main St., Ventura, CA 93001"
"14470 Bear Valley Rd, Victorville, CA 92392"
"1201 Locust St., Walnut Creek, CA 94596"
"1410 Whyler Rd., Yuba City, CA 95993"
"14300 E. Alameda Ave., Aurora, CO 80012"
"1700 29th Street, Boulder, CO 80302"
"3305 Cinema Point, Colorado Springs, CO 80922"
"1545 E. Cheyenne Mountain Blvd., Colorado Springs, CO 80906"
"4721 South Timberline Rd, Fort Collins, CO 80528"
"335 E. Foothills Parkway, Fort Collins, CO 80525"
"2160 Greeley Mall, Greeley, CO 80631"
"S. Teller and W. Alameda Ave., Lakewood, CO 80226"
"4140 North Freeway, Pueblo, CO 81008"
"90 Elm Street, Enfield, CT 06082"
"99 Red Stone Rd., Manchester, CT 06045"
"1201 Boston Post Road, Milford, CT 06460"
"550 Universal Drive, North Haven, CT 06473"
"1200 Christiana Mall, Christiana, DE 19702"
"1796 W. Newport Pike, Wilmington, DE 19804"
"3200 Airport Rd., Boca Raton, FL 33431"
"1151 N Congress Avenue, Boynton Beach, FL 33426"
"15601 Sheridan St., Davie, FL 33331"
"4535 Southside Blvd, Jacksonville, FL 32216"
"3800 US Highway 98 N., Lakeland, FL 33809"
"6000 Universal Blvd., Orlando, FL 32819"
"5150 International Drive, Orlando, FL 32819"
"435 Durbin Pavilion Drive, St. Johns, FL 32259"
"134 Pavilion Parkway, Fayetteville, GA 30214"
"2227 Adventureland Dr., N, WAltoona, IA 50009"
"1317 Buckeye Ave, Ames, IA 50010"
"3601 East 53rd Street, Davenport, IA 52807"
"101 Jordan Creek Parkway, West Des Moines, IA 50266"
"2140 East Cinema Dr, Meridian, ID 83642"
"1600 North State Route 50, Bourbonnais, IL 60914"
"21600 W Field Parkway, Deer Park, IL 60010"
"3340 Mall Loop Drive, Joliet, IL 60431"
"1001 West North Ave, Melrose Park, IL 60160"
"320 South Lincolnway, North Aurora, IL 60542"
"2000 Spring Hill Mall, West Dundee, IL 60118"
"6500 Route 53, Woodridge, IL 60517"
"1848 E Stop 13 Road, Indianapolis, IN 46227"
"910 W. Edison Rd, Mishawaka, IN 46545"
"700 Porter's Vale, Valparaiso, IN 46383"
"5500 Antioch, Merriam, KS 66202"
"400 Winchester Avenue, Ashland, KY 41101"
"7860 Mall Road, Florence, KY 41042"
"3800 Mall Rd., Lexington, KY 40503"
"4400 Towne Center Drive, Louisville, KY 40241"
"5000 Shelbyville Road, Louisville, KY 40207"
"9700 Preston Crossing Blvd., Okolona, KY 40229"
"5159 Hinkleville Rd., Paducah, KY 42001"
"2103 Lantern Ridge Drive, Richmond, KY 40475"
"10000 Perkins Rowe, Baton Rouge, LA 70810"
"3416 Derek Drive, Lake Charles, LA 70607"
"548 West Prien Lake Road, Lake Charles, LA 70601"
"4700 Millhaven Road, Monroe, LA 71203"
"8400 Millicent Way, Shreveport, LA 71105"
"220 Blanchard, West Monroe, LA 71291"
"367 Russell St, Hadley, MA 01035"
"864 Riverdale Street, West Springfield, MA 01089"
"7000 Arundel Mills Circle, Hanover, MD 21076"
"111 East Joppa Road, Towson, MD 21286"
"1591 S Graham Rd, Flint, MI 48532"
"23000 Eureka Road, Taylor, MI 48180"
"4100 Carpenter Road, Ypsilanti, MI 48197"
"1850 Adams St., Mankato, MN 56001"
"15171 Crossroads Pkwy, Gulfport, MS 39503"
"411 Riverwind Drive, Pearl, MS 39208"
"1001 Barnes Crossing, Tupelo, MS 38804"
"750 Great Northern Blvd., Helena, MT 59601"
"185 Hutton Ranch Road, Kalispell, MT 59901"
"400 Randolph Mall, Asheboro, NC 27203"
"1640 Hendersonville Rd, Asheville, NC 28803"
"9630 Monroe Road, Charlotte, NC 28270"
"4840 Grove Barton Rd, Raleigh, NC 27613"
"305 Faith Rd., Salisbury, NC 28146"
"15 Mall Road, Salem, NH 03079"
"2821 Highway 35, Hazlet, NJ 07730"
"360 Willowbrook Mall, Mountain View, NJ 07470"
"Cooper Towne Center, Somerdale, NJ 08083"
"1670 US Route 22 East, Watchung, NJ 07069"
"4901 Pan American Freeway Northeast, Albuquerque, NM 87109"
"100 Central Avenue, Albuquerque, NM 87102"
"851 S. Boulder Highway, Henderson, NV 89015"
"9090 Alta Drive, Las Vegas, NV 89144"
"9777 South Las Vegas Blvd., Las Vegas, NV 89183"
"4500 Tropicana Avenue, Las Vegas, NV 89103"
"5111 Boulder Highway, Las Vegas, NV 89122"
"4949 N. Rancho Dr., Las Vegas, NV 89130"
"2040 Century Way, Reno, NV 89502"
"11 N Sierra St, Reno, NV 89501"
"13965 South Virginia Street, Reno, NV 89511"
"2500 W. State St., Alliance, OH 44601"
"4489 Glengarry Drive, Beavercreek, OH 45440"
"7401 Market Street, Boardman, OH 44512"
"1234 North Main Street, Bowling Green, OH 43402"
"5870 Harrison Ave., Cincinnati, OH 45248"
"3025 Disney St., Cincinnati, OH 45209"
"1071 Gemini Place, Columbus, OH 43240"
"2570 Bethel Road, Columbus, OH 43220"
"2925 State Road, Cuyahoga Falls, OH 44223"
"323 Stoneridge Lane, Gahanna, OH 43230"
"7737 Wayne Town Boulevard, Huber Heights, OH 45424"
"1611 River Valley Circle S, Lancaster, OH 43130"
"8161 Macedonia Commons Bl, Macedonia, OH 44056"
"2355 Walker Lake Road, Mansfield, OH 44903"
"2300 Village Dr. West Maumee, OH 43537"
"500 Rivers Edge, Milford, OH 45150"
"4720 Mega Street N, WNorth Canton, OH 44720"
"6284 Dressler Rd. Nw, North Canton, OH 44720"
"2005 Hollenbeck Drive, Perrysburg, OH 43551"
"1020 Garbry Road, Piqua, OH 45356"
"4314 Milan Road, Sandusky, OH 44870"
"17450 Southpark Center, Strongsville, OH 44136"
"870 West Market Street, Tiffin, OH 44883"
"5001 Monroe Street, Toledo, OH 43623"
"6001 Canal Road, Valley View, OH 44125"
"195 Mall Woods Drive, West Carrollton, OH 45449"
"4108 Burbank Road, Wooster, OH 44691"
"3575 Maple Ave, Zanesville, OH 43701"
"1090 North Hills Center, Ada, OK 74820"
"1801 E. Hillside Drive, Broken Arrow, OK 74012"
"6001 Martin Luther King Blvd., Oklahoma City, OK 73111"
"10802 E 71st St South, Tulsa, OK 74133"
"3200 SW Hocken Avenue, Beaverton, OR 97005"
"12000 SE 82nd Ave., Happy Valley, OR 97086"
"651 Medford Center, Medford, OR 97504"
"4040 SE 82nd Ave, Portland, OR 97266"
"2900 Gateway, Springfield, OR 97477"
"1910 Rotunda Drive, Erie, PA 16509"
"99 Wagner Road, Monaca, PA 15061"
"600 Monroeville Mall, Monroeville, PA 15146"
"40 Glenmaura National Blvd, Moosic, PA 18507"
"4012 Walnut St., Philadelphia, PA 19104"
"851 Providence Blvd, Pittsburgh, PA 15237"
"2100 Settlers Ridge Center Drive, Pittsburgh, PA 15205"
"160 Stroud Mall, Stroudsburg, PA 18360"
"106 Buckwalter Parkway, Bluffton, SC 29910"
"2100 Coastal Grand Circle, Myrtle Beach, SC 29577"
"4488 Ladson Road, Summerville, SC 29485"
"2400 South Carolyn Ave., Sioux Falls, SD 57106"
"1101 S. Highline Place, Sioux Falls, SD 57110"
"755 W. Main Street, Oak Ridge, TN 37830"
"672 East Overland Trail, Abilene, TX 79601"
"3818 John Knox Dr, Abilene, TX 79606"
"921 SH 121, Allen, TX 75013"
"9100 Canyon Drive, Amarillo, TX 79119"
"218 Wood Street, Athens, TX 75751"
"9900 S I H 35, Austin, TX 78748"
"3855 Interstate 10 South, Beaumont, TX 77705"
"Bee Cave, TX 78738"
"1801 East FM 700, Big Spring, TX 79720"
"3471 Old Hwy 77, Brownsville, TX 78520"
"2370 H, YW 77/83 NorthBrownsville, TX 78521"
"280 Uptown Blvd., Cedar Hill, TX 75104"
"1335 E. Whitestone Blvd., Cedar Park, TX 78613"
"1643 W. Henderson St., Cleburne, TX 76031"
"1401 Earl Rudder Frwy South, College Station, TX 77845"
"25720 Northwest Fwy., Cypress, TX 77429"
"29030 Northwest Freeway, Cypress, TX 77433"
"11819 Webb Chapel, Dallas, TX 75234"
"2205 Ave F, Del Rio, TX 78840"
"2825 Wind River Lane, Denton, TX 76210"
"455 S. Bibb Street, Eagle Pass, TX 78852"
"2001 W Trenton, Edinburg, TX 78539"
"11855 Gateway West, El Paso, TX 79936"
"7440 Remcon Circle, El Paso, TX 79912"
"12704 East Montana, El Paso, TX 79938"
"8401 Gateway West Blvd, El Paso, TX 79925"
"2300 Green Oaks Road, Fort Worth, TX 76116"
"9228 Sage Meadow Trail, Fort Worth, TX 76177"
"5655 Frisco Square Blvd, Frisco, TX 75034"
"6969 US Highway 380, Frisco, TX 75033"
"4040 South Shiloh Road, Garland, TX 75041"
"220 W Westchester Pkwy, Grand Prairie, TX 75052"
"911 State Hwy 114 West, Grapevine, TX 76051"
"201 E. Central Texas Expressway, Harker Heights, TX 76548"
"601 S. Expressway 83, Harlingen, TX 78550"
"Memorial City Mall, Houston, TX 77024"
"12920 Northwest Freeway, Houston, TX 77040"
"1101 Melbourne Road, Hurst, TX 76053"
"11450 East Freeway, Jacinto City, TX 77029"
"1030 West Grand Pkwy North, Katy, TX 77449"
"3250 West Pleasant Run Rd., Lancaster, TX 75146"
"5300 San Dario, Laredo, TX 78041"
"2401 S. Stemmons Freeway, Lewisville, TX 75067"
"5721 58th Street, Lubbock, TX 79424"
"2535 82nd St., Lubbock, TX 79423"
"3909 S. Medford Dr., Lufkin, TX 75901"
"2041 North Hwy. 287, Mansfield, TX 76063"
"100 W. Nolana Loop, McAllen, TX 78504"
"1800 S. 16th Street, McAllen, TX 78501"
"1701 S. Central Expressway, McKinney, TX 75069"
"1701 North Hardin Blvd., McKinney, TX 75071"
"2422 East Expressway 83, Mission, TX 78572"
"21750 Valley Ranch Parkway New Caney, TX 77357"
"4221 Preston Smith Rd, Odessa, TX 79762"
"1225 Ne Loop 286, Paris, TX 75460"
"2101 E.beltway 8, Pasadena, TX 77503"
"Hwy. 288 and Hwy. 518, Pearland, TX 77581"
"18820 Hilltop Commercial Dr., Pflugerville, TX 78660"
"15436 FM 1825, Pflugerville, TX 78660"
"600 N Jackson Road, Pharr, TX 78577"
"1001 I-27 N Hwy 70, Plainview, TX 79072"
"1818 Coit Road, Plano, TX 75075"
"3800 Dallas Parkway, Plano, TX 75093"
"7201 N. Central Expressway, Plano, TX 75025"
"850 E. H, WY 114Roanoke, TX 76262"
"2125 Summer Lee, Rockwall, TX 75032"
"3420 Vista Drive, Rosenberg, TX 77471"
"2132 N Mays Street, Round Rock, TX 78664"
"4401 N. I, H-35 Round Rock, TX 78664"
"4425 Sherwood Way, San Angelo, TX 76904"
"5063 N., W. Loop 410 San Antonio, TX 78229"
"4224 S. New Braunfels Ave., San Antonio, TX 78223"
"3310 Town Center Street, Sherman, TX 75091"
"21440 Kuykendahl Road, Spring, TX 77379"
"2900 West Washington Street, Stephenville, TX 76401"
"4501 S. General Bruce Dr., Temple, TX 76502"
"4230 St. Michael Drive, Texarkana, TX 75503"
"Lowry Expressway, Texas City, TX 77591"
"1600 Lake Robbins, The Woodlands, TX 77380"
"9595 Six Pines Drive, The Woodlands, TX 77380"
"7806 Navarro, Victoria, TX 77904"
"20915 Gulf Freeway, Webster, TX 77598"
"2113 West Expressway 83, Weslaco, TX 78596"
"2915 Glenwood Avenue, Wichita Falls, TX 76308"
"715 West 180 North, American Fork, UT 84003"
"12129 South State Street, Draper, UT 84020"
"900 W Clark Ln, Farmington, UT 84025"
"720 West 1500 North, Layton, UT 84041"
"3651 Wall Avenue, Newgate Mall, Ogden, UT 84405"
"1010 South 800 East, Orem, UT 84097"
"1200 Towne Centre Blvd., Provo, UT 84601"
"2227 S. Highland Dr., Salt Lake City, UT 84106"
"125 East 3300 South, Salt Lake City, UT 84115"
"7670 S. Union Park Ave., Sandy, UT 84047"
"9539 So. 700 E., Sandy, UT 84070"
"595 East Commerce Way, Spanish Fork, UT 84660"
"206 South 625 West, West Bountiful, UT 84010"
"7301 South Jordan Landing Blvd., West Jordan, UT 84084"
"5412 West High Market Drive, West Valley, UT 84120"
"6201 Multiplex Dr, Centreville, VA 20121"
"2413 Chesapeake Square Ring Rd., Chesapeake, VA 23321"
"11900 Palace Way, Fairfax, VA 22030"
"11810 Fountain Way, Newport News, VA 23606"
"E Bellevue, WA 98004"
"Federal Way, WA 98003"
"Olympia, WA 98502"
"5057 Main Street, Tacoma, WA 98407"
"1325 W. Poplar, Walla Walla, WA 99362"
"7101 70th Court, Kenosha, WI 53142"
"Barboursville, WV 25504"
"2399 Meadowbrook Rd., Bridgeport, WV 26330"
