"500 Pine Street Seattle, WA 98101"
"17200 Southcenter Parkway, Tukwila, WA 98188"
"100 Bellevue Square Bellevue, WA 98004"
"100 Southcenter Mall Tukwila, WA 98188"
"4502 S Steele Street, Tacoma, WA 98409"
"828 W Main Avenue Spokane, WA 99201"
"3200 184th Street Southwest Lynnwood, WA 98037"
"680 E Northern Lights Boulevard Anchorage, AK 99503"
"3920 124th Street Southeast Bellevue, WA 98006"
"19500 Alderwood Mall Parkway Lynnwood, WA 98036"
"400 Pine Street, Seattle, WA 98101"
"1101 Outlet Collection DR Southwest, Auburn, WA 98001"
"701 SW Broadway Portland, OR 97205"
"8930 SE Sunnyside Road Clackamas, OR 97015"
"9700 SW Washington Square Road Tigard, OR 97223"
"18100 NW Evergreen Parkway Beaverton, OR 97006"
"245 SW Morrison Street Portland, OR 97204"
"6191 S State Street, Murray, UT 84107"
"2210 S 1300 East Salt Lake City, UT 84106"
"8465 Park Meadows Center Drive Lone Tree, CO 80124"
"8676 S Park Meadows Center Drive Lone Tree, CO 80124"
"2810 E 1st Avenue Denver, CO 80206"
"8401 Melrose PL Los Angeles, CA 90069"
"2255 Kuhio Avenu, Honolulu, HI 96815"
"1170 Auahi Street Honolulu, HI 96814"
"214 26th Street Santa Monica, CA 90402"
"700 W 7th Street, Los Angeles, CA 90017"
"189 The Grove Drive, J-10 Los Angeles, CA 90036"
"10379 S State Street Sandy, UT 84070"
"380 N Station Parkway Farmington, UT 84025"
"55 SW Temple Salt Lake City, UT 84101"
"360 E University Parkway Orem, UT 84058"
"14018 E Indiana Avenue Spokane, WA 99216"
"393 S Vance Street Lakewood, CO 80226"
"401 NE Northgate Way, Seattle, WA 98125"
"5 Oakway Center Eugene, OR 97401"
"10159 NE Cascades Parkway Portland, OR 97220"
"5703 N Marine Drive Portland, OR 97203 FALL"
"9175 SW Cascade Avenue Beaverton, OR 97008"
"534 N Milwaukee Street Boise, ID 83704"
"1601 29th Street, Boulder, CO 80301"
"1505 S Colorado Boulevard Denver, CO 80222"
"7645 Academy Boulevard North Colorado Springs, CO80920"
"500 Bellevue Way Northeast, Bellevue, WA 98004"
"12520 Totem Lake Boulevard Northeast Kirkland, WA 98034"
"3050 S College Avenue Fort Collins, CO 80525"
"14530 Delaware Street Westiminster, CO 80023"
"1900 E Rio Salado Parkway Tempe, AZ 85281"
"6317 E Broadway Boulevard Tucson, AZ 85710"
"2090 E Williams Field Road Gilbert, AZ 85295"
"2100 Louisana Boulevard Northeast Albuquerque, NM 87110"
"1600 S Milliken Ontario, CA 91761"
"27991 Greenfield Drive Laguna Niguel, CA 92677"
"27095 McBean Parkway Santa Clarita, CA 91355"
"720 S Pacific Coast Highway El Segundo, CA 90245"
"7th Rack 735 S Figueroa Street, Los Angeles, CA 90017"
"20039 W Rinaldi Street, Porter Ranch, CA 91326"
"6274 E Pacific Coast Highway Long Beach, CA 90803"
"8875 Villa La Jolla Drive La Jolla, CA 92037"
"11111 183rd Street Cerritos, CA 90703"
"2882 El Camino Real Tustin, CA 92782"
"333 1st Ave Dallas, TX 75226"
"525 9th Street Northwest, Washington, DC 20004"
"8833 National Boulevard Culver City, CA 90232"
"325 W Ohio Street, 7th Floor Chicago, IL 60654"
"457 Madison Avenue New York, NY 10022"
"501 Boylston Street, Boston, MA 02116"
"457 Madison Avenue New York, NY 10022"
"839 Commerce Drive Upper Marlboro, MD20774"
"225 W 57th Street New York, NY 10019"
"235 W 57th Street New York, NY 10019"
"55 E Grand Avenue Chicago, IL 60611"
"10 Oak Brook Center Oak Brook, IL 60523"
"1000 NW Court Bloomington, MN 55425"
"4937 Old Orchard Shopping Center Skokie, IL 60077"
"1520 E Golf Road Schaumburg, IL 60173"
"6 Woodfield Shopping Cenyer Schaumburg, IL 60173"
"26200 Cedar Road Beachwood, OH 44122"
"2850 W Big Beaver Road Troy, MI 48084"
"199 Skokie Boulevard Northbrook, IL 60062"
"11143 W 95th Street Overland Park, KS 66214"
"822 E Big Beaver Road Troy, MI 48083"
"47 W County Center Des Peres, MO 63131"
"324 W Market Bloomington, MN 55425"
"4000 Worth Avenue Columbus, OH 43219"
"27640 Novi Road Novi, MI 48377"
"1000 Ross Park Mall Drive Pittsburgh, PA 15237"
"8702 Keystone Crossing Indianapolis, IN 46240"
"7801 Montgomery Road Cincinnati, OH 45236"
"1453 St. Louis Galleria Saint Louis, MO 63117"
"25149 Cedar Road Lyndhurst, OH 44124"
"140 Orland Park Place Orland Park, IL 60462"
"2692 Madison Road Cincinnati, OH 45208"
"9625 Skokie Boulevard Skokie, IL 60077"
"101 E Chicago Ave Chicago, IL 60611"
"1585 S Brentwood Boulevard St. Louis, MO 63144"
"4036 E 82nd Street Indianapolis, IN 46250"
"9540 Quivira Road Lenexa, KS 66215"
"100 Highlands Boulevard Drive Manchester, MO 63011"
"901 N Milwaukee Avenue, Unit 600 Vernon Hills, IL 60061"
"80 S 8th Street, Minneapolis, MN 55402"
"315 Radio Drive Woodbury, MN 55125"
"100 Yorktown Shopping Center Lomard, IL 60148"
"4250 N Harlem Avenue Norridge, IL 60706"
"185 US Highway 41 Schereville, IN 46375"
"3547 Washtenaw Avenue Ann Arbor, MI 48104"
"4700 Baldwin Road, Auburn Hills, MI 48326"
"1551 N Sheffield Avenue Chicago, IL 60642"
"2511 W 75th Street Naperville, IL 60540"
"2155 W 22nd Street Oak Brook, IL 60523"
"12745 Elm Creek Boulevard Maple Grove, MN 55369"
"11500 W Burleigh Street Wauwautosa, WI 53222"
"3615 28th Street Southeast Grand Rapids, MI 49512"
"24 N State Street Chicago, IL 60602"
"8344 Highway 7 St. Louis Park, MN 55426"
"3736 Easton Market Columbus, OH 43219"
"30121 Detroit Road Westlake, OH 44145"
"3702 W Dublin Granville Road Columbus, OH 43235"
"33 Greene Boulevard Beavercreek, OH 45440"
"1118 S Canal Street Chicago, IL 60607"
"4600 Shelbyville Road, Louisville, KY 40207"
"2424 N Mayfair Road Wauwautosa, WI 53226"
"12441 Wayzata Boulevard Minnetonka, MN 55305"
"320 S Jordan Creek Parkway West Des Moines, IA 50266"
"20393 N Rand Road, Kildeer, IL 60074"
"7349 W Towne Way Madison, WI 53719"
"1808 S Randall Road Algonquin, IL 60102"
"43839 W Oaks Drive Novi, MI 48377"
"5220 Fashion Outlets Way, Rosemont, IL 60018"
"3333 Bristol Street Costa Mesa, CA 92626"
"500 Brea Mall Way Brea, CA 92821"
"300 Los Cerritos Center Cerritos, CA 90703"
"100 The Shops at Mission Viejo Mission Viejo, CA 92691"
"3849 Grand Avenue Chino, CA 91710"
"2345 E Imperial Highway Brea, CA 92821"
"800 Spectrum Center Drive Irvine, CA 92618"
"44449 Town Center Way Palm Desert, CA 92260"
"4260 E Carons Street Long Beach, CA 90808"
"901 Newport Center Drive Newport Beach, CA 92660"
"1301 E 19th Street Upland, CA 91784"
"20 City Boulevard West Orange, CA 92868"
"23541 Calle De La Louisa Laguna Hills, CA 92653"
"901 S Coast Drive Costa Mesa, CA 92626"
"102 Caruso Avenue Glendale, CA 91210"
"21725 Victory Boulevard Canoga Park, CA 91303"
"21500 Hawthorne Boulevard Torrance, CA 90503"
"400 S Baldwin Avenue Arcadia, CA 91007"
"6000 Sepulveda Boulevard Culver City, CA 90230"
"346 W Hillcrest Drive Thousand Oaks, CA 91360"
"189 The Grove Drive Los Angeles, CA 90036"
"227 N Glendale Avenue Glendale, CA 91206"
"100 N La Cienega Boulevard Los Angeles, CA 90048"
"3363 E Foothill Boulevard Pasadena, CA 91109"
"220 Broadway Santa Monica, CA 90401"
"1601 N Victory Place Burbank, CA 91504"
"7532 Edinger Ave Huntington Beach, CA92647"
"3635 Riverside Plaza Drive, Riverside, CA 92506"
"21490 Victory Boulevard Woodland Hills, CA 91367"
"1415 Plaza Drive West Covina, CA 91790"
"6997 Friars Road San Diego, CA 92108"
"4401 La Jolla Village Drive San Diego, CA 92122"
"3010 Plaza Bonita Road, National City, CA 91950"
"10650 Stockdale Highway, Bakersfield, CA 93311"
"2073 E Camelback Road Phoenix, AZ 85016"
"40450 Winchester Road Temecula, CA 92591"
"11940 Carmel Mtn Road, San Diego, CA 92128"
"1517 Hawthorne Boulevard Redondo Beach, CA 90278"
"2310 Park Center Drive Las Vegas, NV 89135"
"261 Esplanade Drive Oxnard, CA 93033"
"8889 Gateway Boulevard West, El Paso, TX 79925"
"4750 E Mills Circle Ontario, CA 91764"
"579 N Stephanie Street, Henderson, NV 89014"
"2620 W Chandler Boulevard Chandler, AZ 85224"
"1640 Camino Del Rio North San Diego, CA 92108"
"16245 N Scottsdale Road Scottsdale, AZ 85254"
"7055 E Camelback Road Scottsdale, AZ 85251"
"173 S Las Posas Road San Marcos, CA 92069"
10250 Santa Monica Boulevard Dept 3 Los Angeles CA 90067
"3200 Las Vegas Boulevard South Las Vegas, NV 89109"
"7535 W Bell Road Peoria, AZ 85382"
"4320 N Oracle Road Tucson, AZ 85705"
"27651 San Bernardino Avenue Redlands, CA 92374"
"145 W Hillcrest Drive Thousand Oaks, CA 91360"
"130 Hillsdale Shopping Center San Mateo, CA 94403"
"1200 Broadway Plaza Walnut Creek, CA 94596"
"550 Stanford Shopping Center Palo Alto, CA 94304"
"1870 Redwood Highway Corte Madera, CA 94925"
"2400 Forest Avenue San Jose, CA 95128"
"865 Market Street San Francisco, CA 94103"
"152 Serramonte Center Daly City, CA 94015"
"1285 Marina Boulevard San Leandro, CA 94577"
"1600 Saratoga Avenue San Jose, CA 95129"
"1600 Ethan Way, Sacramento, CA 95825"
"1131 Galleria Boulevard Roseville, CA 95678"
"3839 Emery Street Emeryville, CA 94608"
"1196 Galleria Boulevard Roseville, CA 95678"
"7883 N Blackstone Avenue Fresno, CA 93720"
"1771 E Bayshore Avenue East Palo Alto, CA 94303"
"555 9th Street San Francisco, CA 94103"
"901 Market Street San Francisco, CA 94103"
"925 Blossom Hill Road San Jose, CA 95123"
"5300 Dublin Boulevard Dublin, CA 94568"
"4995 S Virginia Street Reno, NV 89502"
"43706 Christy Street Fremont, CA 94538"
"703 Contra Costa Boulevard Pleasant Hill, CA 94523"
"440 Palladio Parkway Folsom, CA 95630"
"180 Coddingtown Center Santa Rosa, CA 95401"
"212 Vintage Way Novato, CA 94945"
"1621 E Monte Vista Ave, Vacaville, CA 95688 707"
"31st & 6th 865 Avenue of the Americas New York, NY 10001"
"9643 Destiny USA Drive Syracuse, NY 13204"
"15 Richmond Terrace, Staten Island, NY 10301"
"550 Gateway Drive, Brooklyn, NY 11239"
"350 Walt Whitman Road Huntington Station, N11746"
"60 E 14th Street New York, NY 10003"
"3 City Place White Plains, NY 10601"
"501 Garden State Plaza Paramus, NJ 07652"
"449 Menlo Park Drive Edison, NJ 08837"
"135 Westchester Avenue White Plains, NY 10601"
"630 Old Country Road Garden City, NY 11530"
"600 Westfarms Mall Farmington, CT 06032"
"1200 Morris Turnpike Short Hills, NJ 07078"
"1040 Old Country Road Garden City, NY 11590"
"290 Speen Street Natick, MA 01760"
"400 Bald Hill Road Warwick, RI 02886"
"250 Granite Street, Braintree, MA 02184"
"75 Middlesex Turnpike Burlington, MA 01803"
"210 Andover Street Peabody, MA 01960"
"505 Fulton Street Brooklyn, NY 11201"
"100 N Water Street, Norwalk, CT 06854"
"510 Bergen Town Center Paramus, NJ 07652"
"231 University Avenue Westwood, MA 02090"
"50 Independence Way Danvers, MA 01923"
"43 Middlesex Turnpike Burlington, MA 01803"
"2500 W Moreland Road Willow Grove, PA 19090"
"1600 S East Road Farmington, CT 06032"
"1 Worcester Road Framingham, MA 01701"
"497 Boylston Street Boston, MA 02116"
"1400 Northern Boulevard Manhasset, NY 11030"
"70 Worcester Providence Turnpike Millbury, MA 01527"
"1700 Chestnut Street Philadelphia, PA 19103"
"200 Running Hill Road, South Portland, ME 04106"
"200 Grossman Drive, Braintree, MA 02184"
"1579 Niagara Falls Boulevard Amherst, NY 14228"
"3371 US Highway 1 Lawrenceville, NJ 08648"
"224B Colonie Center Albany, NY 12205"
"1600 S Milliken Avenue Ontario, CA 91761"
"8075 Tysons Corner Center McLean, VA 22102"
"1400 S Hayes Street Arlington, VA 22202"
"700 Fairmount Avenue Towson, MD 21286"
"7111 Democracy Boulevard Bethesda, MD 20817"
"2700 Potomac Mills Circle Woodbridge, VA 22192"
"6141 Columbia Crossing Circle Columbia, MD 21045"
"700 Fairmount Avenue Towson, MD 21286"
"190 N Gulph Road King of Prussia, PA 19406"
"10300 Little Patuxent Parkway Columbia, MD 21044"
"15760 Shady Grove Road Gaithersburg, MD 20877"
"101 Town Square Place King of Prussia, PA 19406"
"2000 Route 38 Cherry Hill, NJ 08002"
"100 Christiana Mall Newark, DE 19702"
"12199 Fair Lakes Promenade Drive Fairfax, VA 22033"
"9563 South Boulevard Charlotte, NC 28273"
"951 Haddonfield Road, Cherry Hill, NJ 08002"
"2540 Solomons Island Road Annapolis, MD 21402"
"8027 Leesburg Pike, Vienna, VA 22182"
"2400 Fashion Center Boulevard Newark, DE 19702"
"530 W Mount Pleasant Avenue Livingston, NJ 07039"
"343 Mount Hope Avenue Rockaway, NJ 07801"
"750 N Krocks Road, Allentown, PA 18106"
"141 State Route 23 Wayne, NJ 07470"
"231 Highway 35 Eatontown, NJ 07724"
"362 Chimney Rock Road Bound Brook, NJ 08805"
"1585 Fruitville Pike Lancaster, PA 17601"
"2424 E Lincoln Highway, Langhorne, PA 19047"
"2700 Campus Way North, Lanham, MD 20706"
"3967 Boston Street Baltimore, MD 21224"
"45575 Dulles Eastern Plaza Sterling, VA 20166"
"1201 S Hayes Street, Arlington, VA 22202"
"5333 Wisconsin Avenue Washington, DC 20015"
"1800 L Street Northwest, Washington, DC 20036"
"6501 Springfield Mall Springfield, VA 22150"
"555 12th Street Northwest, Washington D.C. 20004"
"8031 McKnight Road Pittsburgh, PA 15237"
"4588 Virginia Beach Boulevard Virginia Beach, VA 23462"
"1450 Ala Moana Boulevard, Honolulu, HI 96814"
"4572 Poplar Avenue, Memphis, TN 38117"
"3241 Preston Road, Frisco, TX 75034"
"1110 Bowman Road Mt. Pleasant, SC 29464"
"1540 N Federal Highway Ft. Lauderdale, FL 33304"
"19075 Interstate 45 South, Shenandoah, TX 77385"
"1090 N Orlando Avenue, Winter Park, FL 32609"
"5001 Highway 183A Toll Road, Cedar Park, TX 78613"
"500 Port of New Orleans Place, New Orleans, LA 70130"
"111 Meadow Farm Road, Lafayette, LA 70508"
"13900 Dallas Parkway, Dallas, TX 75240"
"5220 Alpha Road Dallas, TX 75240"
"1211 W Bay Area Boulevard Webster, TX 77598"
"8687 N Central Expressway Dallas, TX 75225"
"2613 Preston Road Frisco, TX 75034"
"1701 D-1 Preston Road Plano, TX 75093"
"5192 Hidalgo Street Houston, TX 77056"
"2901 S Capital of Texas Hwy Austin, TX 78746"
"15900 La Cantera Parkway San Antonio, TX 78256"
"3111 Palm Way Austin, TX 78758"
"5823 Worth Parkway San Antonio, TX 78257"
"1445 E Southlake Boulevard Southlake, TX 76092"
"9607 Research Boulevard, Austin, TX 78759"
"8050 Park Lane Dallas, TX 75231"
"3865 S Cooper Street, Arlington, TX 76015"
"5601 Brodie Lane, Sunset Valley, TX 78745"
"5000 Westhiemer Road, Houston, TX 77056"
"20669 Biscaybe Boulevard Miami, FL 33180"
"2665 Town Center Boulevard North Sugarland, TX 77479"
"255 E Basse Road San Antonio, TX 78209"
"1201 Lake Woodlands Drive Woodlands, TX 77380"
"8000 Willowbrook Mall Houston, TX 77070"
"9714 Katy Freeway Houston, TX 77055"
"8722 E 71st Street Tulsa, OK 74133"
"4400 Sharon Road Charlotte, NC 28211"
"6910 Fayetteville Road, Durham, NC 27713"
"6807 Fayetteville Road, Durham, NC 27713"
"1400 Glades Road Boca Raton, FL 33431"
"4924 Big Island Drive Jacksonville, FL 32246"
"9100 Strada Place Naples, FL 34108"
"330 Franklin Road Brentwood, TN 37027"
"2130 Abbott Martin Road Nashville, TN 37215"
"4390 Ashford Dunwoody Road Northeast Atlanta, GA 30346"
"5820 Glades Road Boca Raton, FL 33431"
"4310 Ponce de Leon Boulevard Coral Gables, FL 33146"
"3205 Woodward Crossing Boulevard Buford, GA 30519"
"2223 N Westshore Boulevard Tampa, FL 33607"
"1919 E Camelback Road Phoenix, AZ 85016"
"2604 Sawgrass Mills Circle Sunrise, FL 33323"
"3500 Peachtree Road Northeast Atlanta, GA 30326"
"3111 PGA Boulevard Palm Beach Gardens, 33410"
"19507 Biscayne Boulevard Aventura, FL 33180"
"3301 Coral Way Miami, FL 33145"
"4036 Eastgate Drive Orlando, FL 32839"
"8525 Mills Drive Kendall, FL 33183"
"1702 N Dale Mabry Highway Tampa, FL 33607"
"3495 Buckhead Loop Northeast Atlanta, GA 30326"
"6200 N Point Parkway Alpharetta, GA 30022"
"1865 Palm Beach Lakes Boulevard West Palm Beach, FL 33401"
"1741 Belle Isle Boulevard Oklahoma City, OK 73118"
"8551 Cooper Creek Boulevard University Park, FL 34201"
"4612 Highway 280, Building B Birmingham, AL 35242"
"1201 Hammond Drive Northeast Dunwoody, GA 30346"
"4835 Town Crossing Drive Jacksonville, FL 32246"
"278 Harbison Boulevard Columbia, SC 29212"
"1025 Woodruff Road Greenville, SC 29607"
"2435 State Road 580 Clearwater, FL 33761"
"11201 Causeway Boulevard Brandon, FL 33511"
"3201 N Miami Avenue Miami, FL 33127"
"9330 Mall of Louisiana Boulevard Baton Rouge, LA 70836"
"8680 Hayden Place Culver City, CA 90232"
"5703 N Marine Drive Portland, OR 97203"
"5050 Chavenelle Drive Dubuque, IA 52002"
"1600 S Milliken Avenue Ontario, CA 91761"
"37599 Filbert Street Newark, CA 94560"
"7373 West Side Avenue North Bergen, NJ 07047"
"30 Distribution Drive Elizabethtown, PA 17022"
"7700 18th Street SW Cedar Rapids, IA 52404"
"16012 Arthur Street Cerritos, CA 90703"
"30 Distribution Drive Elizabethtown, PA 17022"
"7300 West Side Avenue North Bergen, NJ 07047"
"7700 18th Street SW Cedar Rapids, IA 52404"
"839 Commerce Drive Upper Marlboro, MD20774"
"5497 NE 49th Terrace Gainesville, FL 32609"
"17335 Glen Helen Parkway San Bernardino, CA 92407"